,Unnamed: 0,AgriDemand,CommercialDemand,Conflict,Country,CurrentHVLineDist,CurrentMVLineDist,EducationDemand,ElecPop,ElectrificationOrder,Elevation,GHI,GridCellArea,HealthDemand,Hydropower,HydropowerDist,HydropowerFID,IsUrban,LandCover,NightLights,PerCapitaDemand,PlannedHVLineDist,PlannedMVLineDist,Pop,ResidentialDemandTier1,ResidentialDemandTier2,ResidentialDemandTier3,ResidentialDemandTier4,ResidentialDemandTier5,ResidentialDemandTierCustom,RoadDist,Slope,SubstationDist,TransformerDist,TravelHours,WindVel,X_deg,Y_deg,id,Admin1,GDP,Cat_1,Cat_2,Cat_3,Unc,Prim,Sec,GridPenalty,WindCF,PopStartYear,ElecPopCalib,Pop2025,Pop2030,Pop2020,ElecStart,GridDistCalibElec,FinalElecCode2020,Commercial_Multiplier,MiniGridLCOE,PVCapacity,DieselCapacity,BatteryCapacity,NPC
19268,19289,0,0,0,Sierra Leone,130.816,2.894,0.0,0.0,0,30.04779,1788.94854,0.197,0.0,1083.23,2.42781,130,0,2,0.0,0,62.963,2.894,916.50728,8.0625,45.62499999999999,167.29166666666663,441.0416666666666,623.5416666666666,91.5,2.735,0.52796,168.919,9999,1.48048,2.9525,-11.96665,7.65466,19311,Southern,1.0,0.0,0.0,0.0,0.0,0.0,0.0,1.1180710378266303,0.0063292263490664,1136.1406534060316,0.0,1198.3482432716712,1263.961911623536,1136.1406534060316,0,2.894,99,0.4125,0.28,78.4,30.6,131.3,429556
19451,19472,0,0,0,Sierra Leone,0.0,0.0,3540.4999999999995,8331.527434285714,0,133.0,1860.5,2.495,2920.0,369.768,1.40213,90,2,8,1.5875017642974854,0,0.0,0.0,9720.11534,8.0625,45.62499999999999,167.29166666666663,441.0416666666666,623.5416666666666,32.630001831054685,0.0,1.56236,3.148,9999,0.96667,2.41034,-11.74995,9.04712,19496,Northern,1.3,2.0,0.0,0.0,0.0,1.0,1.0,1.1180710378266303,0.0013534971571623,12049.460418437257,9798.770895707235,14051.232358187855,16385.557853004004,12049.460418437257,1,0.0,1,0.4612499999999999,0.279,903.8,361.8,915.4,4315454
20539,20562,0,0,0,Sierra Leone,206.399,18.088,0.0,0.0,0,26.0,1738.0,0.061,0.0,1426.14,1.49298,119,0,2,0.0,0,17.638,18.088,847.95769,8.0625,45.62499999999999,167.29166666666663,441.0416666666666,623.5416666666666,91.5,3.234,0.59604,239.143,9999,2.05,2.72086,-11.55738,7.13811,20584,Southern,1.0,0.0,0.0,0.0,0.0,0.0,0.0,1.1180710378266303,0.0036022510501263,1051.1637223190078,0.0,1108.7185343254496,1169.4246693035298,1051.1637223190078,0,18.088,99,0.375,0.259,82.9,29.9,62.5,352390
19325,19346,0,0,0,Sierra Leone,137.373,8.011,0.0,0.0,0,18.67059,1735.03777,0.243,0.0,477.818,12.19337,16,0,2,0.0,0,77.943,8.011,826.03953,8.0625,45.62499999999999,167.29166666666663,441.0416666666666,623.5416666666666,91.5,3.533,0.5466,169.56,9999,2.49637,2.73199,-12.1297,7.4393,19368,Southern,1.0,0.0,0.0,0.0,0.0,0.0,0.0,1.1180710378266303,0.0037112906707542,1023.9930569383052,0.0,1080.060182008,1139.1971740970864,1023.9930569383052,0,8.011,99,0.375,0.28,70.7,27.6,118.3,387181
18266,18284,0,0,0,Sierra Leone,31.268,15.385,0.0,0.0,0,57.52178,1878.0,0.164,0.0,262.447,5.77754,88,0,8,0.0,0,31.268,15.385,872.91505,8.0625,45.62499999999999,167.29166666666663,441.0416666666666,623.5416666666666,91.5,0.0,0.5453,82.166,9999,1.71588,3.18261,-12.67144,8.9604,18308,Northern,1.0,0.0,0.0,0.0,0.0,0.0,0.0,1.081157163930403,0.0100546274293952,1082.101906790046,0.0,1141.350690299921,1203.8435475198346,1082.101906790046,0,15.385,99,0.4125,0.277,82.8,32.1,79.7,385427
18274,18292,0,0,0,Sierra Leone,47.64,11.979,0.0,0.0,0,10.1468,1878.31683,0.327,1460.0,614.725,11.55283,83,0,2,0.0,0,47.64,11.979,2729.20377,8.0625,45.62499999999999,167.29166666666663,441.0416666666666,623.5416666666666,7.400000095367432,3.613,0.58461,59.524,9999,1.82998,2.78628,-12.97141,8.95179,18316,Northern,1.0,1.0,0.0,0.0,0.0,0.0,0.0,1.1180710378266303,0.0042740353659407,3383.2348331439384,0.0,3568.478521316189,3763.864935518419,3383.2348331439384,0,11.979,99,0.4125,0.27,259.3,99.1,229.5,1175305
18592,18610,0,0,0,Sierra Leone,92.019,3.268,0.0,0.0,0,358.40428,1896.89691,0.448,1460.0,2269.91,13.53712,152,0,8,0.0,0,11.092,3.268,1065.50745,8.0625,45.62499999999999,167.29166666666663,441.0416666666666,623.5416666666666,125.14000244140624,0.0,0.75174,92.121,9999,0.03817,2.73892,-10.99809,8.65339,18634,Eastern,1.4,1.0,0.0,0.0,0.0,0.0,0.0,1.081157163930403,0.0037802606925306,1320.8474791951403,0.0,1393.1684000375624,1469.449138855852,1320.8474791951403,0,3.268,99,0.4649999999999999,0.256,80.9,39.4,87.4,432036
7789,7794,0,0,0,Sierra Leone,27.54,2.088,0.0,0.0,0,94.1446,1878.0,0.165,1460.0,157.329,8.7557,72,0,14,0.0,0,12.38,2.088,1670.25897,8.0625,45.62499999999999,167.29166666666663,441.0416666666666,623.5416666666666,7.400000095367432,0.0,0.56649,49.379,9999,0.56546,2.31921,-11.92085,8.66915,7790,Northern,1.0,1.0,0.0,0.0,0.0,0.0,0.0,1.141803222449539,0.0009492397986698,2070.522688628382,0.0,2183.890893379757,2303.466395408838,2070.522688628382,0,2.088,99,0.4499999999999999,0.287,168.4,54.8,171.6,765631
9634,9639,0,0,0,Sierra Leone,26.457,0.0,0.0,0.0,0,81.51047,1853.1655,0.165,0.0,6353.02,13.11818,148,0,8,0.0,0,26.457,0.0,959.51018,8.0625,45.62499999999999,167.29166666666663,441.0416666666666,623.5416666666666,49.45000076293945,0.0,0.57761,81.99,9999,1.13885,3.0743,-12.17632,8.48146,9637,Northern,1.5,0.0,0.0,0.0,0.0,0.0,0.0,1.081157163930403,0.0081696515446401,1189.4488419720342,0.0,1254.5752376394491,1323.2675264020197,1189.4488419720342,0,0.0,99,0.43125,0.283,95.3,35.5,90.7,433876
5963,5968,0,0,0,Sierra Leone,41.825,14.251,0.0,0.0,0,2.2056,1881.7944,0.199,0.0,1289.29,8.48709,157,0,11,0.0,0,41.825,14.251,1070.29225,8.0625,45.62499999999999,167.29166666666663,441.0416666666666,623.5416666666666,91.5,7.333,0.51524,41.762,9999,1.68676,3.22934,-13.09214,8.83376,5964,Northern,1.0,0.0,0.0,0.0,0.0,0.0,0.0,1.0576999264152729,0.0109417751038334,1326.778916857498,0.0,1399.4246042156744,1476.0478916281552,1326.778916857498,0,14.251,99,0.4125,0.282,87.3,30.4,167.1,506114
15468,15486,0,0,0,Sierra Leone,167.699,7.921,0.0,0.0,0,186.07641,1821.71762,0.081,1460.0,447.845,11.97579,40,0,2,0.0,0,14.034,7.921,886.11462,8.0625,45.62499999999999,167.29166666666663,441.0416666666666,623.5416666666666,175.60000610351562,0.0,0.68984,162.132,9999,0.56715,2.82018,-11.04247,7.77022,15499,Eastern,1.0,1.0,0.0,0.0,0.0,0.0,0.0,1.1180710378266303,0.0046519167181962,1098.4646443391453,0.0,1158.609343740668,1222.047171314082,1098.4646443391453,0,7.921,99,0.4499999999999999,0.25,75.6,31.2,65.1,353413
11643,11657,0,0,0,Sierra Leone,171.863,14.553,9271.0,0.0,0,397.0,1868.5,1.079,1460.0,1757.37,22.38922,144,2,14,0.0,0,74.102,14.553,18921.01888,8.0625,45.62499999999999,167.29166666666663,441.0416666666666,623.5416666666666,235.67143903459825,0.0,0.84264,171.965,9999,1.725,3.20095,-10.37219,8.28002,11659,Eastern,1.7142857142857142,1.0,0.0,0.0,0.0,5.0,2.0,1.141803222449539,0.0103974480350719,23455.284232364265,0.0,27351.901025542706,31895.86117565772,23455.284232364265,0,14.553,99,0.4392857142857143,0.257,1477.3,665.0,1245.1,7722308
10839,10850,0,0,0,Sierra Leone,160.937,14.992,0.0,0.0,0,366.54987,1878.34999,0.095,0.0,1757.37,17.19589,144,0,14,0.0,0,66.776,14.992,1003.17858,8.0625,45.62499999999999,167.29166666666663,441.0416666666666,623.5416666666666,175.60000610351562,0.0,0.51267,161.038,9999,1.4225,3.32447,-10.44615,8.35907,10849,Eastern,1.0,0.0,0.0,0.0,0.0,0.0,0.0,1.141803222449539,0.0128875565181326,1243.5820120972032,0.0,1311.6723841307291,1383.4909371113606,1243.5820120972032,0,14.992,99,0.4125,0.248,76.2,35.8,77.5,394657
19441,19462,0,0,0,Sierra Leone,96.567,0.0,0.0,0.0,0,51.78394,1793.15496,0.58,0.0,495.315,8.33163,33,0,14,0.0,0,100.333,0.0,1956.90139,8.0625,45.62499999999999,167.29166666666663,441.0416666666666,623.5416666666666,7.4,0.0,0.56984,129.865,9999,2.051,2.95536,-12.269,7.83882,19486,Southern,1.0,0.0,0.0,0.0,0.0,0.0,0.0,1.141803222449539,0.0063691278633966,2425.8565888159355,0.0,2558.680540936229,2698.7770591011067,2425.8565888159355,0,0.0,99,0.375,0.301,302.6,69.4,147.0,960897
6797,6802,0,0,0,Sierra Leone,82.187,6.112,0.0,0.0,0,349.72962,1916.0,0.345,1460.0,8236.96,1.82421,153,0,8,0.0,0,15.735,6.112,1991.24896,8.0625,45.62499999999999,167.29166666666663,441.0416666666666,623.5416666666666,147.5666707356771,0.0,0.53862,82.279,9999,0.58771,3.00415,-11.0453,8.7555,6798,Eastern,1.6666666666666667,1.0,0.0,0.0,0.0,0.0,0.0,1.081157163930403,0.0070741806766715,2468.43526928502,0.0,2603.590549910899,2746.1460447973504,2468.43526928502,0,6.112,99,0.475,0.27,156.4,73.9,189.7,849734
12127,12141,0,0,0,Sierra Leone,138.654,9.597,0.0,0.0,0,262.57556,1880.0,0.155,0.0,160.437,11.28025,52,0,2,0.0,0,26.159,9.597,881.24652,8.0625,45.62499999999999,167.29166666666663,441.0416666666666,623.5416666666666,175.60000610351562,0.0,1.21958,136.823,9999,1.00276,2.81861,-10.81621,8.22405,12144,Eastern,1.0,0.0,0.0,0.0,0.0,0.0,0.0,1.1180710378266303,0.004633959105862,1092.429944522199,0.0,1152.24422345153,1215.3335389008462,1092.429944522199,0,9.597,99,0.4125,0.251,75.8,31.0,65.0,352349
19051,19072,0,0,0,Sierra Leone,150.943,6.581,0.0,0.0,0,196.97996,1868.14044,0.301,0.0,172.1,1.34602,48,0,2,0.0,0,32.936,6.581,1656.20442,8.0625,45.62499999999999,167.29166666666663,441.0416666666666,623.5416666666666,175.60000610351562,2.057,0.50099,149.841,9999,0.95712,3.0287,-10.79491,8.0792,19094,Eastern,1.0,0.0,0.0,0.0,0.0,0.0,0.0,1.1180710378266303,0.0074465019866698,2053.1000822085757,0.0,2165.514339619624,2284.083662426064,2053.1000822085757,0,6.581,99,0.4499999999999999,0.25,141.1,58.3,121.6,660373
20460,20483,0,0,0,Sierra Leone,172.39,0.0,0.0,0.0,0,158.31882,1806.33624,0.156,0.0,4757.45,19.06171,131,0,2,0.0,0,16.893,0.0,926.96162,8.0625,45.62499999999999,167.29166666666663,441.0416666666666,623.5416666666666,175.60000610351562,0.0,1.6439,172.212,9999,0.35929,2.7458,-11.09665,7.64344,20505,Eastern,1.0,0.0,0.0,0.0,0.0,0.0,0.0,1.1180710378266303,0.0038495552591393,1149.1002893387968,0.0,1212.0174636335269,1278.379568590933,1149.1002893387968,0,0.0,99,0.4499999999999999,0.249,75.7,32.7,68.5,366374
20191,20213,0,0,0,Sierra Leone,146.452,4.011,0.0,0.0,0,278.20436,1887.97079,0.404,1460.0,160.437,13.95945,52,0,2,0.0,0,43.275,4.011,2448.7298,8.0625,45.62499999999999,167.29166666666663,441.0416666666666,623.5416666666666,175.60000610351562,5.143,1.33768,146.566,9999,1.43993,3.18829,-10.65711,8.27589,20236,Eastern,1.0,1.0,0.0,0.0,0.0,0.0,0.0,1.102740091357838,0.0101600630900036,3035.547600873199,0.0,3201.7542229200744,3377.0612264613096,3035.547600873199,0,4.011,99,0.4125,0.258,173.7,65.9,358.1,1061953
15560,15578,0,0,0,Sierra Leone,125.916,0.0,0.0,0.0,0,88.45384,1806.95462,0.052,0.0,423.42,12.74499,37,0,2,0.0,0,32.163,0.0,878.17937,8.0625,45.62499999999999,167.29166666666663,441.0416666666666,623.5416666666666,91.5,0.0,0.6771,146.545,9999,1.16896,2.83905,-11.62804,7.74841,15591,Southern,1.0,0.0,0.0,0.0,0.0,0.0,0.0,1.1180710378266303,0.0048712548933313,1088.62777744602,0.0,1148.233874712837,1211.103609840996,1088.62777744602,0,0.0,99,0.4125,0.267,88.4,30.4,53.8,376120
1852,1852,0,0,0,Sierra Leone,67.298,2.959,0.0,0.0,0,406.43944,1971.28028,0.146,0.0,333.811,18.31076,106,0,8,0.0,0,62.112,2.959,1662.21108,8.0625,45.62499999999999,167.29166666666663,441.0416666666666,623.5416666666666,91.5,10.179,1.34517,67.312,9999,4.638,2.94194,-11.19665,9.38091,1853,Northern,1.0,0.0,0.0,0.0,0.0,0.0,0.0,1.060639190237012,0.0061832569909389,2060.546188492846,0.0,2173.3681457115185,2292.3674912856363,2060.546188492846,0,2.959,99,0.3,0.272,132.7,61.7,161.1,715845
18610,18628,0,0,0,Sierra Leone,17.043,0.0,0.0,0.0,0,27.70099,1866.91643,0.365,0.0,1289.29,30.80999,157,0,14,0.0,0,17.043,0.0,857.93964,8.0625,45.62499999999999,167.29166666666663,441.0416666666666,623.5416666666666,103.5142822265625,0.0,0.5902,16.983,9999,0.57207,3.49312,-13.18061,8.62755,18652,Northern,1.1428571428571428,0.0,0.0,0.0,0.0,0.0,0.0,1.141803222449539,0.0168040239204235,1063.5377639035617,0.0,1121.770097043997,1183.1908497573618,1063.5377639035617,0,0.0,99,0.4553571428571428,0.277,92.7,31.5,69.4,381382
5795,5800,0,0,0,Sierra Leone,44.652,15.593,0.0,0.0,0,8.23526,1877.07565,0.129,0.0,1289.29,2.02036,157,0,8,0.0,0,44.652,15.593,1051.17988,8.0625,45.62499999999999,167.29166666666663,441.0416666666666,623.5416666666666,175.60000610351562,5.662,0.51496,46.064,9999,1.7577,3.36895,-13.03497,8.84778,5796,Northern,2.0,0.0,0.0,0.0,0.0,0.0,0.0,1.0702450512140544,0.0138622455662182,1303.0864257951926,0.0,1374.4348681665967,1449.6898819887158,1303.0864257951926,0,15.593,99,0.4499999999999999,0.272,99.9,33.6,96.5,456237
15525,15543,0,0,0,Sierra Leone,97.625,0.0,0.0,1806.4134846153845,0,43.37932,1791.62197,1.115,1460.0,712.015,14.70347,31,0,14,0.8915420770645142,0,101.827,0.0,3354.7679,8.0625,45.62499999999999,167.29166666666663,441.0416666666666,623.5416666666666,91.5,0.913,0.57752,130.394,9999,2.34278,2.99947,-12.30935,7.76166,15556,Southern,1.0,1.0,0.0,0.0,0.0,0.0,0.0,1.141803222449539,0.0070045449213325,4158.710222063462,4158.640469668559,4386.413842287421,4626.585015164609,4158.710222063462,1,0.0,1,0.375,0.3,513.1,119.3,251.9,1641012
19232,19253,0,0,0,Sierra Leone,119.812,3.982,0.0,0.0,0,99.80133,1817.13866,0.131,1460.0,423.42,6.17028,37,0,2,0.0,0,37.425,3.982,1340.37904,8.0625,45.62499999999999,167.29166666666663,441.0416666666666,623.5416666666666,91.5,0.0,0.59533,140.001,9999,0.55952,2.6698,-11.6389,7.80697,19275,Southern,1.0,1.0,0.0,0.0,0.0,0.0,0.0,1.1180710378266303,0.0031289534864897,1661.589767532833,0.0,1752.5674950472508,1848.5265645664265,1661.589767532833,0,3.982,99,0.4499999999999999,0.265,104.4,41.3,126.5,562325
20400,20422,0,0,0,Sierra Leone,104.601,1.627,0.0,724.51936,0,90.10822,1824.0,0.509,1460.0,172.204,6.51847,34,2,14,1.0879257917404177,0,54.731,1.627,6520.67424,8.0625,45.62499999999999,167.29166666666663,441.0416666666666,623.5416666666666,112.5250015258789,0.707,0.55913,131.658,9999,0.18821,2.6545,-11.78351,7.88114,20445,Southern,1.25,1.0,0.0,0.0,0.0,0.0,0.0,1.141803222449539,0.0029955931264599,8083.29977660568,852.1125656898332,9426.175068236382,10992.14168379538,8083.29977660568,1,1.627,1,0.459375,0.298,722.3,218.6,939.3,3271456
15964,15982,0,0,0,Sierra Leone,178.039,5.673,0.0,0.0,0,147.134,1797.67547,0.095,0.0,4757.45,26.31401,131,0,2,0.0,0,23.812,5.673,876.85559,8.0625,45.62499999999999,167.29166666666663,441.0416666666666,623.5416666666666,175.60000610351562,5.74,2.31339,175.574,9999,0.55425,2.66433,-11.02954,7.64075,15996,Eastern,1.0,0.0,0.0,0.0,0.0,0.0,0.0,1.102740091357838,0.0030808327528095,1086.986764540846,0.0,1146.5030107337989,1209.2779751342327,1086.986764540846,0,5.673,99,0.4499999999999999,0.25,74.4,30.7,64.7,349024
14293,14310,0,0,0,Sierra Leone,175.1,3.924,0.0,0.0,0,215.62004,1849.8075,0.13,1460.0,7514.12,20.43744,133,0,2,0.0,0,53.065,3.924,858.01598,8.0625,45.62499999999999,167.29166666666663,441.0416666666666,623.5416666666666,217.65000915527344,5.547,0.53628,173.876,9999,1.37308,2.64059,-10.62742,7.93798,14324,Eastern,1.5,1.0,0.0,0.0,0.0,0.0,0.0,1.102740091357838,0.0028776708263162,1063.6323981518362,0.0,1121.869912841305,1183.2961308112483,1063.6323981518362,0,3.924,99,0.43125,0.245,68.2,30.0,62.1,333688
16378,16396,0,0,0,Sierra Leone,146.269,6.441,0.0,0.0,0,75.58373,1787.80542,0.061,1460.0,464.172,4.09803,27,0,11,0.0,0,20.851,6.441,2073.67966,8.0625,45.62499999999999,167.29166666666663,441.0416666666666,623.5416666666666,91.5,0.0,0.57291,168.479,9999,1.05,2.9305,-11.60036,7.5516,16410,Southern,1.0,1.0,0.0,0.0,0.0,0.0,0.0,1.06690609198879,0.0060275299731939,2570.619803333365,0.0,2711.370036983445,2859.8268277241004,2570.619803333365,0,6.441,99,0.4125,0.269,207.3,76.7,125.6,892871
18149,18167,0,0,0,Sierra Leone,61.066,0.0,5000.5,0.0,0,50.33333,1874.33333,1.519,1460.0,3015.44,22.25953,158,2,8,0.0,0,43.963,0.0,12513.34962,8.0625,45.62499999999999,167.29166666666663,441.0416666666666,623.5416666666666,154.57501220703125,0.0,0.65933,76.527,9999,1.5,3.08999,-12.92318,9.10668,18191,Northern,2.75,1.0,0.0,0.0,0.0,3.0,1.0,1.081157163930403,0.0084280478752644,15512.070142601506,0.0,18089.084022110143,21094.216165276044,15512.070142601506,0,0.0,99,0.478125,0.281,1189.0,343.5,1904.5,5938817
18267,18285,0,0,0,Sierra Leone,1.45,0.0,0.0,0.0,0,120.56116,1893.0,0.61,1460.0,682.605,14.26662,87,0,14,0.0,0,1.45,0.0,3870.24924,8.0625,45.62499999999999,167.29166666666663,441.0416666666666,623.5416666666666,119.53333536783856,0.0,0.59758,30.807,9999,0.16969,2.56854,-11.97816,8.95444,18309,Northern,1.3333333333333333,1.0,0.0,0.0,0.0,0.0,0.0,1.141803222449539,0.0023162067234815,4797.722392753713,0.0,5060.414116707858,5337.48911176127,4797.722392753713,0,0.0,99,0.4624999999999999,0.28,365.4,143.1,365.4,1724745
19230,19251,0,0,0,Sierra Leone,88.365,2.969,0.0,0.0,0,30.33333,1784.66667,1.588,0.0,179.015,6.00759,35,2,8,0.0,0,88.365,2.969,7402.75196,8.0625,45.62499999999999,167.29166666666663,441.0416666666666,623.5416666666666,31.428571428571427,8.168,0.52615,121.088,9999,2.46111,3.05972,-12.38202,7.80616,19273,Southern,1.2857142857142858,0.0,0.0,0.0,0.0,0.0,0.0,1.0702450512140544,0.0079339431957292,9176.76011131868,0.0,10701.291521916295,12479.092713319464,9176.76011131868,0,2.969,99,0.3857142857142857,0.3,1130.6,263.0,557.6,3620839
18035,18053,0,0,0,Sierra Leone,73.654,38.826,5183.0,0.0,0,55.88704,1925.60194,0.559,0.0,831.736,10.02818,110,0,8,0.0,0,3.472,38.826,4182.14754,8.0625,45.62499999999999,167.29166666666663,441.0416666666666,623.5416666666666,41.03999938964844,0.0,0.51732,109.839,9999,2.81165,3.39129,-12.66664,9.39828,18077,Northern,1.4,0.0,0.0,0.0,1.0,1.0,1.0,1.081157163930403,0.0143674797354798,5184.364535256094,0.0,5468.226240016273,5767.630344791225,5184.364535256094,0,38.826,99,0.39,0.272,414.6,153.2,343.1,1816173
8984,8989,0,0,0,Sierra Leone,67.057,3.797,0.0,0.0,0,335.45237,1885.15353,0.104,0.0,247.621,13.50065,61,0,8,0.0,0,3.348,3.797,1031.13253,8.0625,45.62499999999999,167.29166666666663,441.0416666666666,623.5416666666666,7.400000095367432,3.719,0.65956,67.388,9999,1.21411,2.94497,-11.39191,8.55758,8986,Northern,1.0,0.0,0.0,0.0,0.0,0.0,0.0,1.081157163930403,0.0062249216843325,1278.23489452524,0.0,1348.2226304910246,1422.04243457402,1278.23489452524,0,3.797,99,0.4125,0.273,98.8,38.4,87.4,448527
20152,20174,0,0,0,Sierra Leone,137.202,5.546,0.0,0.0,0,303.85438,1888.76866,0.087,0.0,160.437,18.28419,52,0,2,0.0,0,36.89,5.546,816.29629,8.0625,45.62499999999999,167.29166666666663,441.0416666666666,623.5416666666666,175.60000610351562,0.0,1.12837,137.315,9999,1.19359,3.14119,-10.71654,8.33647,20197,Eastern,1.0,0.0,0.0,0.0,0.0,0.0,0.0,1.1180710378266303,0.0093056996470731,1011.914930226762,0.0,1067.3207365146982,1125.7602003549828,1011.914930226762,0,5.546,99,0.4125,0.252,59.3,29.5,68.7,325157
8126,8131,0,0,0,Sierra Leone,79.281,0.0,0.0,0.0,0,357.99069,1899.38529,0.311,1460.0,205.682,13.58194,67,0,14,0.0,0,0.508,0.0,1463.22301,8.0625,45.62499999999999,167.29166666666663,441.0416666666666,623.5416666666666,91.5,0.0,0.50986,79.395,9999,0.36849,3.03297,-11.1448,8.64071,8127,Eastern,1.0,1.0,0.0,0.0,0.0,0.0,0.0,1.141803222449539,0.0075124702059957,1813.872276781195,0.0,1913.187992951008,2017.941584546,1813.872276781195,0,0.0,99,0.4499999999999999,0.258,111.1,53.5,125.0,597226
12922,12937,0,0,0,Sierra Leone,131.16,0.534,0.0,0.0,0,191.1925,1871.69287,0.138,0.0,104.255,9.06698,51,0,2,0.0,0,8.924,0.534,1619.23186,8.0625,45.62499999999999,167.29166666666663,441.0416666666666,623.5416666666666,175.60000610351562,4.803,1.1918,131.142,9999,0.61974,3.04944,-11.00965,8.12052,12947,Eastern,1.0,0.0,0.0,0.0,0.0,0.0,0.0,1.1180710378266303,0.0077702936830416,2007.2673546425772,0.0,2117.1721133306446,2233.094533768825,2007.2673546425772,0,0.534,99,0.4499999999999999,0.257,139.7,56.5,98.0,662254
18222,18240,0,0,0,Sierra Leone,59.405,18.51,0.0,0.0,0,15.85769,1866.78556,0.407,0.0,1289.29,17.66509,157,0,8,0.0,0,59.405,18.51,2025.94991,8.0625,45.62499999999999,167.29166666666663,441.0416666666666,623.5416666666666,7.4,2.515,0.50325,59.9,9999,2.31974,3.03646,-13.07531,9.00328,18264,Northern,1.0,0.0,0.0,0.0,0.0,0.0,0.0,1.081157163930403,0.0075666552279564,2511.4520143422,0.0,2648.962609009391,2794.002379443326,2511.4520143422,0,18.51,99,0.375,0.273,211.2,73.9,161.1,884897
14509,14526,0,0,0,Sierra Leone,115.554,0.0,0.0,0.0,0,108.0,1834.0,0.069,0.0,120.734,6.59639,41,0,8,0.0,0,43.367,0.0,1013.31837,8.0625,45.62499999999999,167.29166666666663,441.0416666666666,623.5416666666666,91.5,1.188,0.60886,129.078,9999,0.25,2.7544,-11.55824,7.91457,14540,Southern,1.0,0.0,0.0,0.0,0.0,0.0,0.0,1.081157163930403,0.0039373307018899,1256.151718729539,0.0,1324.9303252282004,1397.4747958668102,1256.151718729539,0,0.0,99,0.4499999999999999,0.275,82.9,28.5,150.1,467773
14470,14487,0,0,0,Sierra Leone,124.946,12.356,0.0,0.0,0,114.4827,1842.01557,0.259,1460.0,2493.15,3.7759,138,2,11,0.0,0,29.857,12.356,5003.25945,8.0625,45.62499999999999,167.29166666666663,441.0416666666666,623.5416666666666,259.70001220703125,0.0,0.56844,131.341,9999,0.32173,2.58972,-11.42719,7.91965,14501,Southern,3.0,1.0,0.0,0.0,0.0,0.0,0.0,1.06690609198879,0.0024728213973796,6202.24910890277,0.0,7232.6262211050225,8434.179462274155,6202.24910890277,0,12.356,99,0.5249999999999999,0.274,413.9,135.5,743.7,2301190
19035,19056,0,0,0,Sierra Leone,69.256,13.814,0.0,0.0,0,57.5,1837.0,0.672,0.0,135.927,6.94987,47,0,14,0.0,0,67.24,13.814,3253.87257,8.0625,45.62499999999999,167.29166666666663,441.0416666666666,623.5416666666666,77.48333740234375,0.0,0.56029,112.052,9999,0.74167,2.66358,-12.05685,8.11285,19078,Southern,1.8333333333333333,0.0,0.0,0.0,0.0,0.0,0.0,1.141803222449539,0.0030742732969831,4033.6361624751776,0.0,4254.491549799122,4487.439525583024,4033.6361624751776,0,13.814,99,0.4812499999999999,0.294,480.5,113.8,243.3,1559311
88,88,0,0,0,Sierra Leone,101.168,4.786,0.0,0.0,0,418.79851,1998.51878,0.198,0.0,154.767,18.84027,115,0,8,0.0,0,49.987,4.786,2210.39608,8.0625,45.62499999999999,167.29166666666663,441.0416666666666,623.5416666666666,112.5250015258789,4.501,0.7,101.15,9999,2.44531,2.83279,-11.8513,9.97568,89,Northern,1.25,0.0,0.0,0.0,0.0,0.0,0.0,1.081157163930403,0.0047977720999534,2740.099180245825,0.0,2890.128989922032,3048.3734452409044,2740.099180245825,0,4.786,99,0.3843749999999999,0.275,178.7,60.5,333.3,1020219
12210,12224,0,0,0,Sierra Leone,163.907,0.0,0.0,0.0,0,332.70508,1861.15501,0.13,0.0,160.437,24.70424,52,0,14,0.0,0,60.016,0.0,852.40594,8.0625,45.62499999999999,167.29166666666663,441.0416666666666,623.5416666666666,175.60000610351562,0.0,0.62046,164.018,9999,1.46408,3.19234,-10.50791,8.21184,12228,Eastern,1.0,0.0,0.0,0.0,0.0,0.0,0.0,1.141803222449539,0.0102356457735157,1056.6779585632778,0.0,1114.534693879723,1175.5592835025348,1056.6779585632778,0,0.0,99,0.4125,0.25,68.1,29.7,49.6,338174
19732,19753,0,0,0,Sierra Leone,50.886,14.418,0.0,0.0,0,7.58658,1878.02478,0.182,0.0,614.725,11.50734,83,0,11,0.0,0,50.886,14.418,1128.08574,8.0625,45.62499999999999,167.29166666666663,441.0416666666666,623.5416666666666,7.400000254313151,2.265,0.5812,58.089,9999,2.10854,2.89528,-13.00998,8.9582,19777,Northern,1.0,0.0,0.0,0.0,0.0,0.0,0.0,1.06690609198879,0.0055636926938344,1398.4221377288204,0.0,1474.9905366696305,1555.7513175516194,1398.4221377288204,0,14.418,99,0.375,0.269,107.2,41.4,92.0,483550
20528,20551,0,0,0,Sierra Leone,175.944,13.618,0.0,0.0,0,62.1232,1759.61302,0.07,0.0,193.105,4.86125,11,0,2,0.0,0,16.646,13.618,1026.4751,8.0625,45.62499999999999,167.29166666666663,441.0416666666666,623.5416666666666,91.5,0.0,0.67059,199.052,9999,1.87424,2.87384,-11.54418,7.2791,20573,Southern,1.0,0.0,0.0,0.0,0.0,0.0,0.0,1.1180710378266303,0.0052927539761368,1272.461350027707,0.0,1342.1329646689912,1415.6193387028638,1272.461350027707,0,13.618,99,0.4125,0.262,105.5,36.0,74.9,431559
19613,19634,0,0,0,Sierra Leone,79.107,2.715,0.0,0.0,0,574.775,1955.0,0.112,0.0,231.907,28.27879,98,0,8,0.0,0,59.606,2.715,1030.34773,8.0625,45.62499999999999,167.29166666666663,441.0416666666666,623.5416666666666,91.5,7.028,3.54265,79.129,9999,2.90646,3.54565,-11.01392,9.19212,19658,Northern,1.0,0.0,0.0,0.0,0.0,0.0,0.0,1.060639190237012,0.0181468951076299,1277.2620237098622,0.0,1347.1964916682978,1420.9601111382017,1277.2620237098622,0,2.715,99,0.375,0.268,78.6,36.1,127.1,457208
1212,1212,0,0,0,Sierra Leone,81.78,8.209,0.0,0.0,0,399.38398,1979.64063,0.104,2920.0,569.169,10.78805,112,0,8,0.0,0,68.543,8.209,965.15482,8.0625,45.62499999999999,167.29166666666663,441.0416666666666,623.5416666666666,91.5,6.91,0.72888,81.79,9999,3.71744,2.65331,-11.15758,9.55079,1213,Northern,1.0,2.0,0.0,0.0,0.0,0.0,0.0,1.0702450512140544,0.0029853816102327,1196.446173163819,0.0,1261.955696666355,1331.0520908244937,1196.446173163819,0,8.209,99,0.3374999999999999,0.272,75.8,35.8,94.5,415267
19572,19593,0,0,0,Sierra Leone,62.755,27.055,0.0,0.0,0,66.45681,1901.38127,0.173,0.0,161.252,12.43231,99,0,8,0.0,0,18.564,27.055,910.12949,8.0625,45.62499999999999,167.29166666666663,441.0416666666666,623.5416666666666,7.400000095367432,0.0,0.57682,111.487,9999,2.33328,3.04616,-12.71835,9.26562,19617,Northern,1.0,0.0,0.0,0.0,0.0,0.0,0.0,1.081157163930403,0.0077185199886984,1128.234478893281,0.0,1190.0091786409405,1255.1662546590508,1128.234478893281,0,27.055,99,0.375,0.272,91.0,33.5,73.6,395247
12517,12531,0,0,0,Sierra Leone,111.594,5.977,0.0,0.0,0,305.30015,1849.16341,0.095,0.0,209.962,14.37132,53,0,2,0.0,0,14.946,5.977,820.92786,8.0625,45.62499999999999,167.29166666666663,441.0416666666666,623.5416666666666,175.60000610351562,0.0,1.71842,112.979,9999,1.07364,2.86922,-11.22888,8.17481,12539,Eastern,1.0,0.0,0.0,0.0,0.0,0.0,0.0,1.1180710378266303,0.0052354925643697,1017.6564175896292,0.0,1073.376589964209,1132.1476325104788,1017.6564175896292,0,5.977,99,0.4125,0.266,55.0,27.4,117.5,364595
18558,18576,0,0,0,Sierra Leone,21.383,0.0,1642.5,0.0,0,25.9591,1849.25609,0.399,0.0,1289.29,27.0664,157,0,8,0.0,0,21.383,0.0,895.78992,8.0625,45.62499999999999,167.29166666666663,441.0416666666666,623.5416666666666,91.5,0.0,0.53604,21.315,9999,0.68364,3.56825,-13.17966,8.66992,18600,Northern,1.0,0.0,0.0,0.0,1.0,0.0,0.0,1.081157163930403,0.0187426752121401,1110.4585497927924,0.0,1171.2599565739083,1235.3904485039052,1110.4585497927924,0,0.0,99,0.4499999999999999,0.277,95.9,33.0,72.8,397731
5786,5791,0,0,0,Sierra Leone,48.397,15.926,0.0,0.0,0,4.76356,1884.54128,0.181,0.0,1289.29,6.12879,157,0,11,0.0,0,48.397,15.926,1070.29225,8.0625,45.62499999999999,167.29166666666663,441.0416666666666,623.5416666666666,63.46666463216146,4.854,0.51453,44.456,9999,1.93442,3.7235,-13.07343,8.85192,5787,Northern,1.3333333333333333,0.0,0.0,0.0,0.0,0.0,0.0,1.06690609198879,0.0231286688106683,1326.778916857498,0.0,1399.4246042156744,1476.0478916281552,1326.778916857498,0,15.926,99,0.425,0.269,101.7,39.2,87.3,458766
20544,20567,0,0,0,Sierra Leone,203.63,14.168,0.0,0.0,0,30.0,1728.0,0.096,1460.0,2493.58,5.85146,116,0,2,0.0,0,2.163,14.168,1671.1049,8.0625,45.62499999999999,167.29166666666663,441.0416666666666,623.5416666666666,175.60000610351562,0.0,0.58018,224.184,9999,1.3,2.9285,-11.40639,7.06774,20589,Southern,2.0,1.0,0.0,0.0,0.0,0.0,0.0,1.1180710378266303,0.0060005611881,2071.5713387415985,0.0,2184.996960676277,2304.633023675991,2071.5713387415985,0,14.168,99,0.4499999999999999,0.259,159.4,59.1,124.5,691614
1499,1499,0,0,0,Sierra Leone,81.734,11.877,0.0,0.0,0,474.20977,1978.0,0.129,0.0,569.169,18.57868,112,0,8,0.0,0,73.543,11.877,940.49053,8.0625,45.62499999999999,167.29166666666663,441.0416666666666,623.5416666666666,91.5,3.489,0.65816,81.747,9999,3.73124,3.29826,-11.09624,9.4679,1500,Northern,1.0,0.0,0.0,0.0,0.0,0.0,0.0,1.081157163930403,0.0123326376726537,1165.871290489242,0.0,1229.7067345053094,1297.0373875946,1165.871290489242,0,11.877,99,0.3374999999999999,0.272,75.5,34.9,90.8,405165
20033,20054,0,0,0,Sierra Leone,78.073,0.0,0.0,845.21122,0,290.99275,1888.96278,0.165,0.0,247.621,3.74127,61,0,2,3.333475112915039,0,1.543,0.0,845.21122,8.0625,45.62499999999999,167.29166666666663,441.0416666666666,623.5416666666666,91.5,0.0,0.5042,76.983,9999,0.76742,2.74924,-11.26338,8.54541,20078,Eastern,1.0,0.0,0.0,0.0,0.0,0.0,0.0,1.1180710378266303,0.0038845108180453,1047.7590835469514,1047.7415098999654,1105.1274799262983,1165.636992383586,1047.7590835469514,1,0.0,1,0.4499999999999999,0.272,73.8,31.4,77.1,365544
20346,20368,0,0,0,Sierra Leone,123.415,17.625,0.0,0.0,0,127.87272,1845.87272,0.07,0.0,512.68,4.882,44,0,2,0.0,0,29.495,17.625,949.98597,8.0625,45.62499999999999,167.29166666666663,441.0416666666666,623.5416666666666,91.5,6.234,0.58626,126.534,9999,0.64364,2.64499,-11.39563,7.97343,20391,Southern,1.0,0.0,0.0,0.0,0.0,0.0,0.0,1.102740091357838,0.0029146318606829,1177.642233984615,0.0,1242.122177449845,1310.1326185393084,1177.642233984615,0,17.625,99,0.4499999999999999,0.282,69.3,38.7,105.3,422908
3288,3288,0,0,0,Sierra Leone,50.145,21.435,0.0,0.0,0,63.68936,1890.0,0.112,0.0,495.262,6.1027,96,0,8,0.0,0,33.443,21.435,1343.62336,8.0625,45.62499999999999,167.29166666666663,441.0416666666666,623.5416666666666,7.400000095367432,0.0,0.55029,91.713,9999,2.30086,2.98629,-12.71753,9.1286,3289,Northern,1.0,0.0,0.0,0.0,0.0,0.0,0.0,1.081157163930403,0.0068107297155232,1665.6115619310822,0.0,1756.809496455697,1853.000830072663,1665.6115619310822,0,21.435,99,0.375,0.277,127.4,49.4,122.6,593306
4504,4507,0,0,0,Sierra Leone,61.487,23.008,0.0,0.0,0,17.18708,1863.21183,0.207,0.0,1289.29,18.48968,157,0,8,0.0,0,61.487,23.008,1035.99711,8.0625,45.62499999999999,167.29166666666663,441.0416666666666,623.5416666666666,7.400000095367432,0.0,0.51904,57.353,9999,2.49294,3.15002,-13.11436,8.99099,4505,Northern,1.0,0.0,0.0,0.0,0.0,0.0,0.0,1.081157163930403,0.0094624247981344,1284.2652308033607,0.0,1354.58314832265,1428.7512125294395,1284.2652308033607,0,23.008,99,0.375,0.281,85.5,28.4,162.5,488673
19484,19505,0,0,0,Sierra Leone,78.216,0.0,0.0,0.0,0,60.06506,1930.77055,0.113,0.0,107.684,3.75958,113,0,8,0.0,0,7.629,0.0,835.28563,8.0625,45.62499999999999,167.29166666666663,441.0416666666666,623.5416666666666,91.5,0.0,1.06805,78.672,9999,2.30902,2.62017,-12.21768,9.5846,19529,Northern,1.0,0.0,0.0,0.0,0.0,0.0,0.0,1.081157163930403,0.0027102210662282,1035.4549081692714,0.0,1092.1496088286078,1151.9485384191053,1035.4549081692714,0,0.0,99,0.375,0.27,74.6,30.8,72.8,358544
12561,12575,0,0,0,Sierra Leone,131.909,9.681,0.0,0.0,0,185.85558,1880.82293,0.361,0.0,104.255,7.65279,51,0,2,0.0,0,14.595,9.681,2643.07656,8.0625,45.62499999999999,167.29166666666663,441.0416666666666,623.5416666666666,175.60001627604166,0.0,0.55081,131.18,9999,0.74374,2.88313,-10.94635,8.17059,12583,Eastern,1.0,0.0,0.0,0.0,0.0,0.0,0.0,1.1180710378266303,0.0054090984223392,3276.4679511117097,0.0,3455.865787021934,3645.086268540016,3276.4679511117097,0,9.681,99,0.4499999999999999,0.251,227.5,92.9,193.8,1055681
19302,19323,0,0,0,Sierra Leone,135.677,2.621,0.0,0.0,0,43.33855,1780.07698,0.113,0.0,727.679,16.00454,24,0,2,0.0,0,47.258,2.621,882.39667,8.0625,45.62499999999999,167.29166666666663,441.0416666666666,623.5416666666666,91.5,2.501,0.54904,186.461,9999,1.73309,2.77278,-11.84585,7.54947,19345,Southern,1.0,0.0,0.0,0.0,0.0,0.0,0.0,1.1180710378266303,0.0041292648884765,1093.8557184369624,0.0,1153.748063368654,1216.9197192011854,1093.8557184369624,0,2.621,99,0.4125,0.289,127.1,30.5,64.9,416427
18613,18631,0,0,0,Sierra Leone,45.215,0.0,0.0,0.0,0,295.08742,1870.9855,0.276,1460.0,421.004,10.85487,75,0,8,0.0,0,0.653,0.0,3514.23166,8.0625,45.62499999999999,167.29166666666663,441.0416666666666,623.5416666666666,7.400000254313151,0.0,0.63447,49.071,9999,1.15703,2.80056,-11.66195,8.63057,18655,Northern,1.0,1.0,0.0,0.0,0.0,0.0,0.0,1.081157163930403,0.0044306996532927,4356.38815047117,0.0,4594.915313941302,4846.502656107164,4356.38815047117,0,0.0,99,0.4125,0.272,305.3,130.3,321.6,1519415
19930,19951,0,0,0,Sierra Leone,31.404,0.0,0.0,0.0,0,19.72254,1823.27166,0.233,0.0,1185.94,17.42687,155,0,8,0.0,0,31.404,0.0,984.04387,8.0625,45.62499999999999,167.29166666666663,441.0416666666666,623.5416666666666,91.5,0.0,0.58278,35.182,9999,1.13754,3.05126,-12.99908,8.68778,19975,Northern,1.0,0.0,0.0,0.0,0.0,0.0,0.0,1.081157163930403,0.0077991137954512,1219.8618274390576,0.0,1286.6534381666418,1357.102118214077,1219.8618274390576,0,0.0,99,0.4125,0.29,105.4,26.6,151.5,483092
19195,19216,0,0,0,Sierra Leone,167.596,10.755,1460.0,0.0,0,200.89985,1838.93928,0.921,1460.0,7514.12,19.32833,133,2,14,0.0,0,38.452,10.755,12096.81373,8.0625,45.62499999999999,167.29166666666663,441.0416666666666,623.5416666666666,223.6571568080357,0.0,0.62765,167.454,9999,1.14276,2.93008,-10.78779,7.87629,19238,Eastern,1.5714285714285714,1.0,0.0,0.0,0.0,2.0,0.0,1.141803222449539,0.0060218602127732,14995.71487891864,0.0,17486.94686928963,20392.046213098547,14995.71487891864,0,10.755,99,0.4339285714285714,0.289,1863.1,448.4,553.7,5730723
20192,20214,0,0,0,Sierra Leone,6.243,0.0,0.0,420.38528800000006,0,71.79035,1778.39974,0.156,0.0,344.205,30.22407,49,0,11,0.649030864238739,0,6.243,0.0,1050.96322,8.0625,45.62499999999999,167.29166666666663,441.0416666666666,623.5416666666666,343.79998779296875,0.0,1.34196,30.027,9999,0.15146,2.82969,-13.08845,8.27114,20237,Western Area,1.0,0.0,0.0,0.0,0.0,0.0,0.0,1.06690609198879,0.0047616474819374,1302.817845021926,1302.7959933756315,1374.1515816766223,1449.3910845937055,1302.817845021926,1,0.0,1,0.4499999999999999,0.287,95.5,29.3,164.0,507222
18632,18650,0,0,0,Sierra Leone,92.239,0.0,0.0,0.0,0,395.0443,1895.45498,0.85,1460.0,2269.91,15.88328,152,0,8,0.0,0,6.403,0.0,2974.42054,8.0625,45.62499999999999,167.29166666666663,441.0416666666666,623.5416666666666,125.14000244140624,0.0,0.94084,92.347,9999,0.06212,3.1928,-11.02289,8.60969,18674,Eastern,1.4,1.0,0.0,0.0,0.0,0.0,0.0,1.081157163930403,0.0102442517611238,3687.215769655339,0.0,3889.103454650329,4102.045181474947,3687.215769655339,0,0.0,99,0.4649999999999999,0.256,225.8,110.1,244.0,1206004
15637,15655,0,0,0,Sierra Leone,118.076,5.271,0.0,0.0,0,59.39526,1804.5633,0.363,1460.0,3372.32,6.63329,134,0,14,0.0,0,49.182,5.271,3942.69105,8.0625,45.62499999999999,167.29166666666663,441.0416666666666,623.5416666666666,108.3199951171875,7.415,0.63097,148.461,9999,1.02381,2.5563,-11.81552,7.73084,15668,Southern,1.2,1.0,0.0,0.0,0.0,0.0,0.0,1.1236313772247468,0.0022288249451444,4887.524282104025,0.0,5155.132966898464,5437.394143229289,4887.524282104025,0,5.271,99,0.42,0.281,324.0,141.5,549.5,1848689
10684,10691,0,0,0,Sierra Leone,162.146,17.817,0.0,0.0,0,403.0,1877.0,0.112,0.0,1757.37,14.53618,144,0,2,0.0,0,69.243,17.817,1003.17858,8.0625,45.62499999999999,167.29166666666663,441.0416666666666,623.5416666666666,175.60000610351562,0.0,0.59687,162.245,9999,1.46667,3.02095,-10.42521,8.3743,10693,Eastern,1.0,0.0,0.0,0.0,0.0,0.0,0.0,1.1180710378266303,0.0073276880729343,1243.5820120972032,0.0,1311.6723841307291,1383.4909371113606,1243.5820120972032,0,17.817,99,0.4125,0.25,82.6,35.4,76.2,399516
16527,16545,0,0,0,Sierra Leone,148.012,3.349,0.0,0.0,0,61.0,1785.0,0.052,0.0,880.172,7.12697,25,0,2,0.0,0,22.114,3.349,2203.28464,8.0625,45.62499999999999,167.29166666666663,441.0416666666666,623.5416666666666,91.5,2.584,0.54438,171.392,9999,1.13333,2.86602,-11.61929,7.5238,16559,Southern,1.0,0.0,0.0,0.0,0.0,0.0,0.0,1.1180710378266303,0.0051960631276299,2731.2835425912526,0.0,2880.8306659293057,3038.566006180741,2731.2835425912526,0,3.349,99,0.4125,0.279,183.4,89.2,220.7,976642
3940,3941,0,0,0,Sierra Leone,14.873,8.892,0.0,0.0,0,430.64982,1900.0,0.155,1460.0,396.179,15.25136,91,0,8,0.0,0,14.873,8.892,1505.80796,8.0625,45.62499999999999,167.29166666666663,441.0416666666666,623.5416666666666,7.400000095367432,17.127,0.76663,14.936,9999,2.05942,3.43603,-11.59054,9.04116,3941,Northern,1.0,1.0,0.0,0.0,0.0,0.0,0.0,1.060639190237012,0.0154109713331431,1866.662357093774,0.0,1968.8685108649647,2076.6708014141877,1866.662357093774,0,8.892,99,0.375,0.278,127.1,55.8,150.6,663387
20440,20463,0,0,0,Sierra Leone,142.133,17.717,0.0,0.0,0,110.77587,1819.81518,0.121,1460.0,4757.45,13.8933,131,0,2,0.0,0,14.253,17.717,1705.11969,8.0625,45.62499999999999,167.29166666666663,441.0416666666666,623.5416666666666,175.60000610351562,0.0,0.51593,149.855,9999,0.52739,2.86027,-11.36659,7.76246,20485,Eastern,1.0,1.0,0.0,0.0,0.0,0.0,0.0,1.1180710378266303,0.0051256897845634,2113.737491241848,0.0,2229.4718543637064,2351.543070033585,2113.737491241848,0,17.717,99,0.4499999999999999,0.281,125.8,67.2,231.7,793635
19392,19413,0,0,0,Sierra Leone,61.848,32.062,0.0,0.0,0,78.5,1907.0,1.336,1460.0,831.736,11.93251,110,2,8,0.0,0,14.825,32.062,13439.57877,8.0625,45.62499999999999,167.29166666666663,441.0416666666666,623.5416666666666,35.43333604600694,0.0,0.60687,105.592,9999,2.51667,3.04005,-12.67147,9.28885,19437,Northern,1.3333333333333333,1.0,0.0,0.0,0.0,0.0,0.0,1.081157163930403,0.0076226438924697,16660.2624315757,0.0,19428.025027266653,22655.594892955185,16660.2624315757,0,32.062,99,0.3874999999999999,0.271,1332.4,493.8,1092.6,5828502
19552,19573,0,0,0,Sierra Leone,55.959,6.17,0.0,0.0,0,82.0,1910.0,0.147,0.0,661.371,11.16734,109,0,8,0.0,0,20.03,6.17,1621.20048,8.0625,45.62499999999999,167.29166666666663,441.0416666666666,623.5416666666666,175.60000610351562,8.388,0.58799,69.429,9999,1.81667,2.33709,-12.29445,9.33826,19597,Northern,2.0,0.0,0.0,0.0,0.0,0.0,0.0,1.0702450512140544,0.0010207057408722,2009.7077381091528,0.0,2119.7461161456245,2235.8094720489225,2009.7077381091528,0,6.17,99,0.4499999999999999,0.281,194.7,58.6,126.7,735357
12773,12787,0,0,0,Sierra Leone,108.93,8.998,0.0,0.0,0,292.67779,1843.68208,0.061,0.0,209.962,11.53014,53,0,2,0.0,0,37.098,8.998,1209.67056,8.0625,45.62499999999999,167.29166666666663,441.0416666666666,623.5416666666666,91.5,10.385,1.25367,107.71,9999,1.45037,2.85167,-11.42916,8.14118,12798,Southern,1.0,0.0,0.0,0.0,0.0,0.0,0.0,1.0892443601228534,0.0050215751338907,1499.5580836460351,0.0,1581.664021821473,1668.2655411665833,1499.5580836460351,0,8.998,99,0.4125,0.276,135.0,44.9,71.8,536657
18338,18356,0,0,0,Sierra Leone,65.045,7.114,0.0,0.0,0,381.85807,1920.98251,0.456,1460.0,121.864,11.65852,84,0,2,0.0,0,22.592,7.114,2498.46252,8.0625,45.62499999999999,167.29166666666663,441.0416666666666,623.5416666666666,108.3199951171875,0.0,0.55771,65.122,9999,1.4167,2.99964,-11.16041,8.88693,18380,Eastern,1.2,1.0,0.0,0.0,0.0,0.0,0.0,1.1180710378266303,0.007007066936677,3097.198355023738,0.0,3266.7805668953474,3445.647985359109,3097.198355023738,0,7.114,99,0.42,0.27,199.0,92.7,235.8,1066890
11502,11516,0,0,0,Sierra Leone,129.137,10.113,0.0,0.0,0,196.95853,1891.69818,0.164,0.0,160.437,18.64648,52,0,2,0.0,0,22.4,10.113,1037.19101,8.0625,45.62499999999999,167.29166666666663,441.0416666666666,623.5416666666666,175.60000610351562,0.0,0.66397,129.259,9999,1.07623,2.91657,-10.8465,8.29236,11515,Eastern,1.0,0.0,0.0,0.0,0.0,0.0,0.0,1.1180710378266303,0.0058412711436139,1285.7452390430133,0.0,1356.1441920795987,1430.397728775647,1285.7452390430133,0,10.113,99,0.4125,0.256,78.7,38.4,85.1,420538
19058,19079,0,0,0,Sierra Leone,129.678,2.977,0.0,0.0,0,166.0,1839.0,0.113,0.0,269.157,13.84727,46,0,2,0.0,0,17.014,2.977,1474.9474,8.0625,45.62499999999999,167.29166666666663,441.0416666666666,623.5416666666666,175.60000610351562,0.0,1.77031,122.908,9999,0.86667,2.16847,-11.25611,8.06068,19101,Eastern,1.0,0.0,0.0,0.0,0.0,0.0,0.0,1.1180710378266303,0.0004813222417551,1828.4063196699624,0.0,1928.5178244390152,2034.110776783098,1828.4063196699624,0,2.977,99,0.4499999999999999,0.282,106.7,61.4,160.2,655160
15529,15547,0,0,0,Sierra Leone,171.13,7.954,0.0,0.0,0,219.0,1821.0,0.087,0.0,447.845,14.77086,40,0,2,0.0,0,17.323,7.954,926.96162,8.0625,45.62499999999999,167.29166666666663,441.0416666666666,623.5416666666666,175.60000610351562,2.868,0.57253,165.08,9999,0.58333,2.92357,-11.0154,7.75432,15560,Eastern,1.0,0.0,0.0,0.0,0.0,0.0,0.0,1.1180710378266303,0.005934408003381,1149.1002893387968,0.0,1212.0174636335269,1278.379568590933,1149.1002893387968,0,7.954,99,0.4499999999999999,0.268,59.8,33.1,129.3,412660
18727,18745,0,0,0,Sierra Leone,0.0,0.666,0.0,1856.38347,0,69.5,1785.5,0.588,0.0,1150.68,38.83793,147,0,2,2.054171800613404,0,0.0,0.666,1856.38347,8.0625,45.62499999999999,167.29166666666663,441.0416666666666,623.5416666666666,490.9750061035156,1.425,3.677,18.01,9999,0.03333,2.71339,-13.13543,8.37352,18769,Western Area,2.75,0.0,0.0,0.0,0.0,0.0,0.0,1.1180710378266303,0.0035302578222367,2301.25038240608,2301.211784447368,2427.2517181893736,2560.152058418492,2301.25038240608,1,0.666,1,0.515625,0.281,199.9,59.2,170.8,835719
18436,18454,0,0,0,Sierra Leone,34.113,8.924,0.0,0.0,0,17.30912,1838.98304,0.474,0.0,1289.29,15.58264,157,0,8,0.0,0,34.113,8.924,2820.92578,8.0625,45.62499999999999,167.29166666666663,441.0416666666666,623.5416666666666,112.5250015258789,8.979,0.59303,34.045,9999,1.2452,2.98091,-13.13594,8.7765,18478,Northern,1.25,0.0,0.0,0.0,0.0,0.0,0.0,1.0702450512140544,0.0067325867497392,3496.937262625038,0.0,3688.4065480230215,3890.359432209763,3496.937262625038,0,8.924,99,0.421875,0.281,268.0,76.1,434.8,1341468
14449,14466,0,0,0,Sierra Leone,155.555,2.687,0.0,0.0,0,185.0,1855.0,0.104,0.0,202.645,12.4001,43,0,2,0.0,0,25.196,2.687,1108.43721,8.0625,45.62499999999999,167.29166666666663,441.0416666666666,623.5416666666666,217.65000915527344,2.301,0.63292,155.839,9999,0.85,2.99195,-10.9011,7.92308,14480,Eastern,1.5,0.0,0.0,0.0,0.0,0.0,0.0,1.1180710378266303,0.0068935468954027,1374.065000366346,0.0,1449.299762660317,1528.653885723918,1374.065000366346,0,2.687,99,0.46875,0.252,98.3,38.9,80.9,445719
9847,9852,0,0,0,Sierra Leone,13.636,12.065,0.0,0.0,0,55.16236,1831.79059,0.217,0.0,661.05,15.5614,63,0,14,0.0,0,13.636,12.065,1326.02975,8.0625,45.62499999999999,167.29166666666663,441.0416666666666,623.5416666666666,108.3199951171875,0.0,0.56238,63.93,9999,0.55349,2.8913,-12.66992,8.45657,9852,Northern,1.2,0.0,0.0,0.0,0.0,0.0,0.0,1.141803222449539,0.0055127475495204,1643.8017891149066,0.0,1733.805563921405,1828.7373534879932,1643.8017891149066,0,12.065,99,0.4575,0.284,145.5,49.0,116.0,604556
18751,18769,0,0,0,Sierra Leone,26.483,0.0,7263.499999999999,0.0,0,75.75,1850.75,4.952,0.0,6353.02,13.8509,148,2,14,0.0,0,26.483,0.0,31447.17238,8.0625,45.62499999999999,167.29166666666663,441.0416666666666,623.5416666666666,133.5500030517578,0.0,0.59211,84.238,9999,1.04583,3.00321,-12.2134,8.46387,18793,Northern,2.5,0.0,0.0,0.0,1.0,0.0,2.0,1.141803222449539,0.0070601596563918,38983.22659868595,0.0,45459.49411741933,53011.66131490365,38983.22659868595,0,0.0,99,0.46875,0.284,3121.5,1158.0,3015.7,14251621
15880,15898,0,0,0,Sierra Leone,108.193,0.0,0.0,0.0,0,30.59751,1779.14709,0.277,0.0,143.756,12.97018,28,0,2,0.0,0,96.369,0.0,823.80395,8.0625,45.62499999999999,167.29166666666663,441.0416666666666,623.5416666666666,133.5500030517578,0.0,0.67892,140.733,9999,2.30098,3.09912,-12.27542,7.66752,15912,Southern,1.5,0.0,0.0,0.0,0.0,0.0,0.0,1.1180710378266303,0.0085806796099152,1021.221738720362,0.0,1077.1371246312017,1136.1140693230716,1021.221738720362,0,0.0,99,0.39375,0.302,99.3,28.5,112.1,419341
18072,18090,0,0,0,Sierra Leone,62.426,13.358,0.0,0.0,0,486.0,1930.0,0.155,1460.0,333.811,12.59483,106,0,8,0.0,0,64.122,13.358,1054.62811,8.0625,45.62499999999999,167.29166666666663,441.0416666666666,623.5416666666666,91.5,21.335,2.1711,62.444,9999,4.98333,2.61497,-11.19208,9.2704,18114,Northern,1.0,1.0,0.0,0.0,0.0,0.0,0.0,1.060639190237012,0.0026686445351173,1307.3609955348836,0.0,1378.9434852316974,1454.4453612714533,1307.3609955348836,0,13.358,99,0.3,0.272,89.5,39.2,98.2,455760
9637,9642,0,0,0,Sierra Leone,80.776,0.805,0.0,0.0,0,290.11912,1890.11912,0.164,1460.0,247.621,4.05617,61,0,2,0.0,0,9.065,0.805,1192.36145,8.0625,45.62499999999999,167.29166666666663,441.0416666666666,623.5416666666666,203.63334147135416,0.0,0.75245,80.631,9999,1.09603,2.73875,-11.29171,8.4808,9640,Eastern,1.3333333333333333,1.0,0.0,0.0,0.0,0.0,0.0,1.1180710378266303,0.0037785588573389,1478.1009888968513,0.0,1559.0320776855835,1644.3944206184717,1478.1009888968513,0,0.805,99,0.425,0.272,103.6,44.2,109.1,515525
2756,2756,0,0,0,Sierra Leone,47.59,15.217,0.0,0.0,0,59.45733,1896.8959,0.13,0.0,115.02,5.93155,104,0,8,0.0,0,28.024,15.217,955.77163,8.0625,45.62499999999999,167.29166666666663,441.0416666666666,623.5416666666666,91.5,0.0,0.59983,84.84,9999,2.38333,2.52453,-12.47971,9.22265,2757,Northern,1.0,0.0,0.0,0.0,0.0,0.0,0.0,1.081157163930403,0.0020124958137069,1184.8143794505895,0.0,1249.687022430855,1318.1116646780404,1184.8143794505895,0,15.217,99,0.375,0.277,90.6,35.1,87.5,422220
19123,19144,0,0,0,Sierra Leone,143.019,0.561,0.0,0.0,0,185.76861,1860.0,0.155,1460.0,255.332,2.15228,45,0,2,0.0,0,11.421,0.561,1619.23186,8.0625,45.62499999999999,167.29166666666663,441.0416666666666,623.5416666666666,175.60000610351562,0.0,0.6177,143.687,9999,0.43333,3.01211,-11.00743,7.98371,19166,Eastern,1.0,1.0,0.0,0.0,0.0,0.0,0.0,1.1180710378266303,0.0071936050577151,2007.2673546425772,0.0,2117.1721133306446,2233.094533768825,2007.2673546425772,0,0.561,99,0.4499999999999999,0.262,109.9,44.1,236.8,709962
11198,11211,0,0,0,Sierra Leone,169.307,17.115,0.0,0.0,0,390.35915,1860.59903,0.164,0.0,1757.37,18.61902,144,0,8,0.0,0,73.732,17.115,910.46718,8.0625,45.62499999999999,167.29166666666663,441.0416666666666,623.5416666666666,175.60000610351562,0.0,1.14786,169.407,9999,1.6644,2.88165,-10.38067,8.32065,11209,Eastern,1.0,0.0,0.0,0.0,0.0,0.0,0.0,1.081157163930403,0.0053904557536788,1128.65309350292,0.0,1190.4507138334052,1255.63196541471,1128.65309350292,0,17.115,99,0.4125,0.275,66.4,26.0,160.6,424389
17244,17262,0,0,0,Sierra Leone,133.084,3.45,0.0,0.0,0,3.99299,1765.83822,0.147,0.0,127.196,0.91466,20,0,2,0.0,0,92.402,3.45,1124.61985,8.0625,45.62499999999999,167.29166666666663,441.0416666666666,623.5416666666666,91.5,6.604,0.54036,164.337,9999,3.2681,3.32009,-12.26224,7.377,17278,Southern,1.0,0.0,0.0,0.0,0.0,0.0,0.0,1.102740091357838,0.012793822722058,1394.1256759165003,0.0,1470.458828865986,1550.971483233362,1394.1256759165003,0,3.45,99,0.3374999999999999,0.299,139.0,31.4,158.2,568808
280,280,0,0,0,Sierra Leone,94.361,0.0,0.0,0.0,0,366.11106,1988.5337,0.112,0.0,154.767,13.42809,115,0,8,0.0,0,43.246,0.0,962.17241,8.0625,45.62499999999999,167.29166666666663,441.0416666666666,623.5416666666666,91.5,0.0,1.25209,94.343,9999,2.83139,2.77892,-11.84566,9.91431,281,Northern,1.0,0.0,0.0,0.0,0.0,0.0,0.0,1.081157163930403,0.004194708209247,1192.7490533262935,0.0,1258.0561468622163,1326.9390273201373,1192.7490533262935,0,0.0,99,0.375,0.279,76.4,32.5,141.4,449071
16180,16198,0,0,0,Sierra Leone,160.746,15.208,0.0,0.0,0,119.81536,1811.0,0.078,0.0,4535.81,4.67754,128,0,2,0.0,0,3.04,15.208,977.51539,8.0625,45.62499999999999,167.29166666666663,441.0416666666666,623.5416666666666,154.57501220703125,0.0,0.68429,169.877,9999,1.1593,2.79883,-11.30787,7.5908,16212,Eastern,1.0,0.0,0.0,0.0,0.0,0.0,0.0,1.1180710378266303,0.0044115259347778,1211.768851316764,0.0,1278.1173438988098,1348.098643565413,1211.768851316764,0,15.208,99,0.4125,0.262,100.5,34.3,71.5,411100
19912,19933,0,0,0,Sierra Leone,5.185,6.4,0.0,0.0,0,54.66765,1855.0,0.121,1460.0,755.486,10.71674,64,0,8,0.0,0,5.185,6.4,848.66924,8.0625,45.62499999999999,167.29166666666663,441.0416666666666,623.5416666666666,133.5500030517578,0.0,0.56568,72.855,9999,0.87836,2.93997,-12.62229,8.7004,19957,Northern,1.5,1.0,0.0,0.0,0.0,0.0,0.0,1.081157163930403,0.0061562622703778,1052.045789379,0.0,1109.648897576356,1170.4059731271238,1052.045789379,0,6.4,99,0.46875,0.289,94.2,27.3,83.2,392949
18722,18740,0,0,0,Sierra Leone,0.0,3.624,0.0,844.53696,0,292.5,1796.5,0.575,0.0,1150.68,42.70461,147,0,2,2.4801130294799805,0,0.0,3.624,844.53696,8.0625,45.62499999999999,167.29166666666663,441.0416666666666,623.5416666666666,411.07998046875,0.0,4.83258,8.098,9999,0.05,3.06861,-13.20355,8.43304,18764,Western Area,1.8,0.0,0.0,0.0,0.0,0.0,0.0,1.141803222449539,0.0080771596695806,1046.92324272639,1046.9056830986303,1104.2458739596675,1164.7071154724813,1046.92324272639,0,3.624,99,0.48,0.279,94.3,31.0,67.9,378359
19203,19224,0,0,0,Sierra Leone,110.381,0.0,0.0,0.0,0,77.21217,1826.09849,0.754,1460.0,172.204,6.04602,34,2,14,0.0,0,47.304,0.0,7532.93437,8.0625,45.62499999999999,167.29166666666663,441.0416666666666,623.5416666666666,158.7800048828125,0.0,0.5699,133.393,9999,0.16605,2.73612,-11.70837,7.86402,19246,Southern,1.8,1.0,0.0,0.0,0.0,0.0,0.0,1.141803222449539,0.0037522941500676,9338.13965689018,0.0,10889.480985505408,12698.546015660471,9338.13965689018,0,0.0,99,0.48,0.268,832.9,265.2,555.7,3249718
18142,18160,0,0,0,Sierra Leone,51.491,18.442,0.0,0.0,0,67.05244,1889.02622,0.104,0.0,495.262,9.06616,96,0,8,0.0,0,34.096,18.442,1773.58283,8.0625,45.62499999999999,167.29166666666663,441.0416666666666,623.5416666666666,7.400000095367432,2.717,0.52681,89.736,9999,2.20087,3.02129,-12.74474,9.1275,18184,Northern,1.0,0.0,0.0,0.0,0.0,0.0,0.0,1.081157163930403,0.0073328757668124,2198.607255302892,0.0,2318.988528522435,2445.961088524557,2198.607255302892,0,18.442,99,0.375,0.277,168.1,65.2,161.9,783109
11712,11726,0,0,0,Sierra Leone,96.195,0.0,0.0,0.0,0,176.0598,1877.97757,0.104,0.0,209.962,6.09366,53,0,2,0.0,0,29.213,0.0,1006.1172,8.0625,45.62499999999999,167.29166666666663,441.0416666666666,623.5416666666666,175.60000610351562,0.0,2.23589,98.156,9999,1.34975,2.56221,-11.34294,8.26727,11728,Eastern,1.0,0.0,0.0,0.0,0.0,0.0,0.0,1.1180710378266303,0.0022707330379654,1247.2248480241717,0.0,1315.51467779439,1387.543609505556,1247.2248480241717,0,0.0,99,0.4125,0.272,91.3,37.4,89.1,436156
19046,19067,0,0,0,Sierra Leone,157.025,0.0,10840.5,681.1613203448276,0,200.39558,1864.41445,2.258,1460.0,888.867,6.91988,50,2,14,0.6004622578620911,0,42.82,0.0,19753.67829,8.0625,45.62499999999999,167.29166666666663,441.0416666666666,623.5416666666666,236.7636496803977,0.0,0.5187,155.213,9999,0.91287,2.96729,-10.69373,8.09887,19089,Eastern,1.7272727272727273,1.0,0.0,0.0,4.0,2.0,1.0,1.141803222449539,0.0065372679704947,24487.483568677315,801.1188553025074,28555.579216170176,33299.50593265534,24487.483568677315,1,0.0,1,0.4772727272727273,0.243,1501.6,692.1,1435.0,7610012
15665,15683,0,0,0,Sierra Leone,128.079,1.917,0.0,0.0,0,82.49763,1803.13615,0.052,0.0,464.172,15.41424,27,0,2,0.0,0,30.831,1.917,878.17937,8.0625,45.62499999999999,167.29166666666663,441.0416666666666,623.5416666666666,175.60000610351562,1.685,0.66984,149.319,9999,0.9151,2.83644,-11.63207,7.72299,15696,Southern,2.0,0.0,0.0,0.0,0.0,0.0,0.0,1.1180710378266303,0.0048405305205028,1088.62777744602,0.0,1148.233874712837,1211.103609840996,1088.62777744602,0,1.917,99,0.4875,0.26,87.8,30.9,64.3,366436
19463,19484,0,0,0,Sierra Leone,110.922,13.195,0.0,0.0,0,87.0,1963.0,0.164,0.0,6152.68,32.63487,166,0,8,0.0,0,34.911,13.195,1002.34276,8.0625,45.62499999999999,167.29166666666663,441.0416666666666,623.5416666666666,91.5,0.0,0.58828,111.281,9999,2.25,1.94492,-12.37976,9.83645,19508,Northern,1.0,0.0,0.0,0.0,0.0,0.0,0.0,1.081157163930403,0.0001317520352003,1242.5458947616926,0.0,1310.5795358243947,1382.3382516193556,1242.5458947616926,0,13.195,99,0.375,0.276,72.3,39.6,106.4,436025
19761,19782,0,0,0,Sierra Leone,47.778,24.433,0.0,0.0,0,9.0,1898.0,0.146,0.0,1289.29,17.94719,157,0,11,0.0,0,47.778,24.433,966.93064,8.0625,45.62499999999999,167.29166666666663,441.0416666666666,623.5416666666666,91.5,3.354,0.54454,47.697,9999,2.1,3.97464,-13.16943,8.914,19806,Northern,2.0,0.0,0.0,0.0,0.0,0.0,0.0,1.06690609198879,0.0313007580144363,1198.6475537083702,0.0,1264.277610331205,1333.501137210573,1198.6475537083702,0,24.433,99,0.4125,0.269,93.2,35.4,78.6,415606
